Propozitie,Total Cuvinte,Strict RU (Code-switch),OOV (Necunoscute),Lista RU,Lista OOV
Ваш ділер годних серіалів приніс вам особливий товар.,8,0,1,,ділер
"найменша сестра принесла, середуща взяла під свою відповідальність. вже три місяці має",12,0,1,,середуща
"Люблю ці всі уловкі мозку: хвилину тому ти розмірковував про Шопенгауера, і ось раптом починаєш наспівувати ""Запахло весной"".",18,1,1,весной,уловкі
"- Мені, будь ласка, бургер і колу - Молодий чоловіче, ви в бібліотеці!",11,1,0,бургер,
"Ну, це тіпа добре, коли хвалять.",6,0,1,,тіпа
"В метро на ескалаторі дєфка фоткає себе, кохану, на айпедик (це я не про себе) 8) *їде на роботу*",18,0,3,,"дєфка, фоткає, айпедик"
"У Медведчука він недавно питав пораду про обивку для меблів, мабуть",11,1,0,обивку,
"Чемі хатіа самшобло, сахате мтелі квекана (моя ікона — Батьківщина, підіконник — вся країна)",12,0,7,,"Чемі, хатіа, самшобло, сахате, мтелі, квекана, підіконник"
скоро буду своєю серед чужих))) ахаха,6,0,1,,ахаха
"- Знаю, шо ти нічого не хотіла на ДН, але ось тобі малееенький подаруночок!",13,1,2,шо,"ДН, малееенький"
Найсумніша історія в світі: барига пішов продавати страхівки.,8,0,1,,страхівки
А мальчик навпроти мене наблював повний пакєт і на маму слєгка,11,1,3,мальчик,"наблював, пакєт, слєгка"
Привітаєм же запальну Жанну д'Арк - у неї сьогодні дн),8,0,1,,дн
у мордорі поширила лінк: Flash mob in the Copenhagen Metro.,4,0,2,,"мордорі, лінк"
"Обіцянки виконую,  тримай...нічого особливого,але рушник вишивала дооовго :",9,0,1,,дооовго
"Хіба від різних снобів, які силують себе правільним проізношенієм.",9,0,2,,"правільним, проізношенієм"
"Не привезу тобі ніц з Польщі.	0
Це буде третій підряд у моїй френдстрічці пост про Сьомого сина.	0
Я що запитати хтів у свідків блокади & рєдутів: українських полонених вже всіх відпустили?	0
Люблю йти пішки прохолодними ранками, з рюкзаком за плечима.	0
Тебе не силують зустрічатися з ним.	0
Ой блін,  що ж скаже мама	0
Я собі й дитині купую здебільшого литовську молочку...	0
-Діма, не можна вирішувати проблеми в житті стікерами з телеграму.	0
А тут я поплила від смакоти І вдома бачу виробник-	0
Чувак на Хрещатику мені запальничку подарував) І взагалі постояв з нами про життя поговорив, люблю таке	0
Я в душ, а зранку зроблю домашку.	0
#Львів, у Сколе двіжуха — силовики блокують базу #ПравийСектор.	0
Не люблю коли хтось бере в руки мій телефон	0
Якщо б збрехав, а я цього не люблю, то також би образилися.	0
В мене одне питання: якщо все перманентно херово, як можна взагалі так жити?	0
ех а в мене цей альбом улюблений	0
У вас - зеленая аура"" Гии, зелений - мій улюблений колір :з",159,1,11,зеленая,"ніц, френдстрічці, хтів, рєдутів, блін, стікерами, домашку, двіжуха, ПравийСектор, херово, Гии"
Федерер обіграв Джоковича в півфіналі Ролан Гарросу!,7,0,1,,Гарросу
"Шрайк, як завжди, блискучий #апалчєнци",5,0,2,,"Шрайк, апалчєнци"
"Лейтмотивом выставки стал тезис «Современное искусство как место для селфи».  та інші проблеми, які цікавлять сучасних харківських митців",18,7,0,"выставки, стал, Современное, искусство, как, место, селфи",
Таня не має цього читати!!!* оу.,6,0,1,,оу
Да щось актуальне в стрічці промайнуло.,6,1,0,Да,
"Чи вже пояснив ребе, яку високу ціль переслідувало НАБУ прослуховуючи _не_ держслужбовця категорії А?",13,1,1,НАБУ,ребе
"Карма, Морда, Бомжетта... давай, навчися запам*ятовувати імена всіх їхніх котів. це ж красивіше, ніж просто в обличчя. південь, любов моя",21,0,3,,"Бомжетта, запам, ятовувати"
"Декламують щось, кричать, напарфумлені араби один одного перекрикують...",8,0,1,,напарфумлені
Нарізав вам фрагменти вчорашнього ефіру з Мураєвим.,7,0,1,,Мураєвим
"п'ятниця, 15 група на стрілецькому спорті помічає цей нефіговий збіг :)",8,0,1,,нефіговий
"Скоро заведу блог ""какой не надо бить женой"" і буду записувати вислови дружини брата. . .",14,2,0,"какой, женой",
Мій патронус - пити багато днів підряд.,6,0,1,,патронус
та шо блін)00) ти он тоже класнінька і нічьо)00,9,2,3,"шо, тоже","блін, класнінька, нічьо"
Цього разу навіть мої рейкери не витримали — промокли.,8,0,1,,рейкери
У тому сні ше фігурував єврейський цвинтар!,7,0,1,,ше
Бо це так #мімімі Люблю вас  і Саша,8,0,1,,мімімі
"Тато: ой прям, це ж не яєшня!",7,1,1,прям,яєшня
А тут чекають щоб прям щяс.,6,1,1,прям,щяс
"Канєшно плоха шо баріста ушол от мєня, але добре, що тепер можна прийти до нього на мій ідеальний капуч",19,1,5,шо,"Канєшно, баріста, ушол, мєня, капуч"
"Ванья, от дєнатурата слєпнут і умірают.",6,0,4,,"Ванья, дєнатурата, слєпнут, умірают"
Знайомтесь (як каже Roman Sinicyn) - це Книрік.,5,0,1,,Книрік
Взагалі як я не шукала якихось класних гейських сюжетних ліній - ніфіга не знайшла.,13,0,1,,ніфіга
"Ходжу на футбол заради гімну, а сьогодні шось запороли.",9,0,1,,шось
"З кажним роком різать свині стає трудніше, бо вони кажись еволюціонуют, бо стали якісь розумнішими!",15,0,2,,"кажним, еволюціонуют"
"Ото п'ятно на фото то ахрєнєнно прекрасний місяць  Уявіть, ніби і нв фото гарно",13,0,2,,"ахрєнєнно, нв"
Ретвітність полум'яного заклику при 911к читачів феноминальна.,5,0,2,,"Ретвітність, феноминальна"
"Д: Знаю я шо вам треба, не дам я тобі горілки.",11,2,0,"Д, шо",
От ця дєвачька отримала мендаль.,5,0,2,,"дєвачька, мендаль"
Знову включити друзів і прибрати срач на кухні чи dirty dancing 2 і танцювати?,11,1,0,срач,
Стала їх знімати - зачепилась ше й рукавицею.,7,0,1,,ше
"ні) просто от є в тебе улюблені, а потім вони проттраються між ногами від постійного носіння і всьо.",18,0,2,,"проттраються, всьо"
В пориві любові нафоловив нових людей.,6,0,1,,нафоловив
мене надихають чужі успіхі (інколи у формі легкої професійної заздрості) та дружній тролінг з мотивуючими підйобами :),16,0,3,,"успіхі, мотивуючими, підйобами"
"Я вибрила потилицю, скроню, зробила септум, змінила житло, дві роботи, кинула палити,",12,0,1,,септум
те саме можна вже сказати і про ХР (або слабке залізо або не знають як поставити щось сучасніше).,18,1,0,ХР,
"то шось ніфіга не смішно, як я міг переплутати 7 з 23??",10,0,2,,"шось, ніфіга"
"Ха, а начальника зьерехав мені, що ніхто не йде..",9,0,1,,зьерехав
Ждем силку на пабліку ми патріоти України,7,0,1,,пабліку
"з якими я найбільше дружила,була найпристосованіша до життя,а решта ще в облаках літали.ти мудра,образована,обдарована,добра,чесна,",19,2,1,"облаках, образована",найпристосованіша
"залежить. от якщо кілька подруг готують, то нормас. проблеми в хазяйках різних поколінь",13,0,1,,нормас
"Я думала,нічо не відбувається,бо її закрили.",8,0,1,,нічо
"Облазила центр, навіть в гей-барі було не ок.",7,1,0,ок,
заюзала у  афігєнний салатовий лак. настрій одразу вгору пішов),9,0,2,,"заюзала, афігєнний"
"люблю ті смс, які починаються на ""о 6 в дзизі""",9,1,0,смс,
Посвітив твітером з екрану телесика в темній залі серед десятків інших вогників на ліричній композиції Ілюзій..,16,0,1,,твітером
"Тягне відповісти щось між Ай віш ай куд і Сорі,  хев терібл муд.",13,0,6,,"віш, куд, Сорі, хев, терібл, муд"
Чому Джек не здох?!Пару раз йокнуло.,7,0,1,,йокнуло
"Не знаю із-за чого, но настроєнія якесь хріноватіньке((",7,0,2,,"настроєнія, хріноватіньке"
"Слухаю ""Думаю про тебе"" в навушниках, лежу обоиччям в подушку.",10,0,1,,обоиччям
"Я думала, що можна обмежитися тупарилими фотками в інста і снепчаті.",11,1,3,фотками,"тупарилими, інста, снепчаті"
"Стою мию посуд під те, як Редкліф читає репчік:DD Мені пороблено:ззз",12,0,3,,"Редкліф, репчік, ззз"
"Блін блін блін Саша, Аня, пам'ятаєте?",5,0,3,,"Блін, блін, блін"
"А під ""Пора домой"" дуже круто бігається,особливо коли її тобі наспівує твій тренер)",14,1,1,домой,бігається
"Повіяло теплом з-за кордону, а одже неодмінно летіти.Не обіцяй,навіщо?",8,0,1,,одже
Чудову і прекрасну  треба сьогодні вітати з ДН!,8,0,1,,ДН
Бо я макдо люблю тут найбільше серед усіх!!!,8,0,1,,макдо
"Мало того, що стєпуха якогось хера не повишена прийшла, так ше й на 100грн менша, ніж звичайна(",16,1,3,хера,"стєпуха, повишена, ше"
"У моїй сумці книга Михайла Пантича про любов, яблуко і фляга з віскі.",13,0,1,,Пантича
"Плох той твіттерянин, який не мріє стати (десяти)тисячником.",9,1,1,Плох,твіттерянин
"моє улюблене виправдання: ""це було на демотиваторі вконтактє"".",8,0,1,,вконтактє
"Євріт-це не запалиння єврея, це їхня мова.",6,0,1,,запалиння
"преміум акаунт грамарлі каже мені шо ""linguistic problems"" це unusual word pair ну рєбят...",9,1,2,шо,"грамарлі, рєбят"
"ну про хамство ти ніц не казала, ти казала що вони недостатньо швидко (на твою думку) роблять свою роботу",19,0,1,,ніц
"Справжнє усвідомлення того, що ти буха, настає тоді, коли ти розумієш, що замовила костюмчик покоївки та батіг.",17,2,0,"буха, костюмчик",
"Мене теж часом тяне написати про себе не ""я"", а ""Лесюня"".",11,0,2,,"тяне, Лесюня"
"Не кИдаю тебе у стіну, не викидАю через вікна геть #лв",11,0,1,,лв
а я вам казала що люблю танцювати? я дуууууже люблю танцювати :),11,0,1,,дуууууже
Можна шутити типу 45-45 баба ягодка опять?,6,2,1,"ягодка, опять",шутити
"Шакопов Олег, сподіваюся тобі її повернуть.",6,0,1,,Шакопов
"блін, знав би на піцу ше зайшов",7,0,2,,"блін, ше"
"І типу кажуть, шо все ок, але блін...",8,2,1,"шо, ок",блін
блін:( а так би круто було!,6,0,1,,блін
"просто рахуй, що я - твоя серветочка, якій можна поплакати і понити, я завжди вислухаю с:",15,0,1,,серветочка
"#успєх До речі, #раджу усім, хто #ТвіттерБігає фолловити цей мега-аккаунт #ff_ua #ff",9,0,3,,"успєх, ТвіттерБігає, фолловити"
Вангую таку тему у найближчі дні.,6,0,1,,Вангую
"Трохи фігово, але все ж щось)",6,0,1,,фігово
"КОСТИКУ, БУДУ У ЛЬВОВІ ЗАВТРА З 12:00 ДО 20:00 (приблизно) мімімі",9,0,1,,мімімі
"Ем в дофіга універах, де повний безпрєдєл",7,1,3,Ем,"дофіга, універах, безпрєдєл"
Ой в тві маніхейством попахує.,5,0,1,,попахує
"У мене є Віттонівська сумка - справжня, не підробка.",8,0,1,,Віттонівська
Чекін на відкритті виставки Юрій Змієборець і святі воїни,9,0,1,,Чекін
"Кароч, ви не повірите, але я тут рахуюся за хіпстера.",10,0,2,,"Кароч, хіпстера"
Планую просто почати плакати в примірочних через то шо купа класних речей на мене тупо велика.,16,1,0,шо,
"Вшарюю, що в неї є ті, хто їй більше подобається.",10,0,1,,Вшарюю
"Прочитати пвд від надзвичайно близької людини, з якою дуже давно не спілкувався.",12,0,1,,пвд
яблучно-горіховий штрудель від Журби - кращі ліки від недільної хандри,8,1,0,штрудель,
"З Каламойським опускати б країну на гроші, бьіть патрівотом!",9,0,3,,"Каламойським, бьіть, патрівотом"
"RT  Папая, кая і маракуя #np the Вйо - Їдемо в карпати",8,1,0,маракуя,
"Не встигаю банити читачів, які вскриваються під ""марш"" Сцакашвілі.",9,0,3,,"банити, вскриваються, Сцакашвілі"
"ну в мене у руках журнал обліку поточної роботи викладача, суворо аббревіатурка звучить, хоча задатки уже є)))",17,0,1,,аббревіатурка
Я не можу не заінстаграмити цю малючку-з-книжки-носова.,6,0,1,,заінстаграмити
"Я один не шарю, якого хєра щотижня в світових трендах твіттера - Джастін Бібер?",13,0,3,,"хєра, твіттера, Бібер"
"Нє, карочє, блін, ти не понімаєш, куда, цей во.",9,1,4,куда,"Нє, карочє, блін, понімаєш"
"та, з роками не розумнішаєш ні разу.  далі наступаєш на ті самі граблі, далі відрізаєш сама собі чілку)))",18,0,1,,чілку
"Якшо взяла трубку - у вас праблєми, гаспада.",7,0,3,,"Якшо, праблєми, гаспада"
"Мене всерйоз заграли люди, які сидять на диванах перед компами і все критикують, бо все, блін, знають.",17,1,1,компами,блін
"блін, чого ніхто не сказав мені цього на початку травня, коли я зв'язалась з одним",14,0,1,,блін
#Одеса вулиця підписана трьома назвами: з імперським гербом - Новорибна з радянським - Чижикова біля тризуба - сучасна назва,16,0,1,,Новорибна
Кароч дуже ок дивитись засідання київради хоча б один раз.,10,1,1,ок,Кароч
"Вiн ворог був, менi його не шкода.	0
старі добрі розваги, написати фігню, а потім шукати який саме з кусків твого коду робить фігню))) Я сам такий))))	0
охохо, багато таких))) а стільки в мене блоків1 ого-го!)))	0
в селі благодійна барахолка на користь біженців - люди серед іншого винесли шапку-будьоновку справжню, з Києва"".",45,0,1,,охохо
"одного разу вона приходить до злобного блізнєца, а там муж її. і кароч вони тіпа вбити її обоє хотіли.",19,0,3,,"блізнєца, кароч, тіпа"
А може і м’яса їсти не треба?,8,1,0,яса,
"До фул хауза бракує національної міліції, національних бригад і національних карабінерів.",11,0,2,,"фул, хауза"
"Вона пише, що думає, і не париться, що її анфоловлять, коли вона роздає гімна тим, хто його заслужив.",18,0,2,,"анфоловлять, гімна"
Поки всі не почали хейтити  скажу що мені подобається.,9,0,1,,хейтити
Щоб блюванути на холостяка в першій програмі і набрати потім мільйон переглядів на ютубі?..),14,0,2,,"блюванути, ютубі"
"От якось їм,і облизуюсь від його смаку)Божественноо",9,0,1,,Божественноо
"Той самой момент, коли реальний корупціонер Мосійчук дає коментарі людяніше і _можливо_ чесніше ніж маладой антикурвапціоньєр Лєщєнко.",16,1,3,самой,"маладой, антикурвапціоньєр, Лєщєнко"
"Власне мене постійно ""німєдліна вьійді вон іс класа!""",8,1,4,вон,"німєдліна, вьійді, іс, класа"
"я посередині, Ната справа, Маша зліва.",6,0,1,,Ната
Курвбль щяс під соточку завалиться ой вей.,7,1,3,вей,"Курвбль, щяс, соточку"
"Що вже казати про фігуру, якщо хвалю себе, коли з'їдаю лише півкоробки цукерок за раз, а не всю...",17,0,1,,півкоробки
"в етнодім є чудові чоловічі, особливо чорні і темносині, дарувала - якістю задоволені",12,0,2,,"етнодім, темносині"
"ооооо, чудова пісня. мабуть найулюбленіша зараз)",6,0,1,,ооооо
Так фігово мені вже давно не було.,7,0,1,,фігово
*я коли читаю твої твіти то уявляю тебе в шапці з великим балабоном. шось тра з цим робить.,18,0,3,,"твіти, шось, тра"
"Ще засранцем був, то в Лілеї тусили. :)",7,1,1,засранцем,тусили
П'ю гаспачо і відчуваю себе героїнею фільму Альмодовару.,9,1,1,П,ю
"Попри погоду,універ і скривлене обличчя власника Simple замість вітання зі мною,настрій досить життєрадісний.",14,0,1,,універ
"Чувак праворуч від мене натхненно пише вірш до блокноти, тьолка попереду дує губи та сварить свого мужика ні за що.",20,0,1,,тьолка
"Здається, у колишнього погладшало обличчя АХАХАХА",6,0,1,,АХАХАХА
"Зрозуміла, що ніщєброд, коли знайшла 50 гривень в шафі й раділа, як дитина.",12,0,1,,ніщєброд
Але каразіна то такий мрак сам по собі.,8,1,0,мрак,
"Момент, коли взнаєш, шо однокласник одружився.",6,1,0,шо,
таня ти сьодні така гарна. на викладачку похожа.,8,0,1,,сьодні
Всі оголошення в Хюндаї робляться українською і англійською мовами.,9,0,1,,Хюндаї
"аммм, як смашно передане.. але замість ретвітити йду на кухню..",10,0,3,,"аммм, смашно, ретвітити"
"та. той самий тублєр, там навіть ті баби на тумблєрі лежать)",11,0,2,,"тублєр, тумблєрі"
"Жостко  Я всього навсього в короткій спідниці вночі в жопі дарницького району  Купа наркоманів, трохи насільніків та тихий ліс)",19,0,4,,"Жостко, навсього, жопі, насільніків"
"Ай, ну всьо нафіг, піду обжерусь чимось смачненьким",8,0,1,,всьо
А як замужня женщіна кинула то #ойвсьо)),7,0,2,,"женщіна, ойвсьо"
"так я не п'ю її щоб не спати...вона на мене так майже не діє)), а п'ю бо люблю)))",21,2,2,"п, п","ю, ю"
"О чуєш,  з днем народження тебе, бро!",7,0,1,,бро
"там Заноз тобі вже сказав) нє, ясно, шо діло благородне. і тема крута. але мені не по кишені.",18,1,1,шо,нє
"Питаю, що вона про це думає, вона: - я не поняла, а ким ти потім будеш?",15,1,0,поняла,
Моя фотка в пабліку про Субару зібрала найбільше лайків.,9,1,3,фотка,"пабліку, Субару, лайків"
"Аааааа, рєбята, Реал - ПСЖ в 1/8, ну і лігочемпіонівське класіко: Челсі - Барса",11,0,5,,"Аааааа, рєбята, ПСЖ, лігочемпіонівське, класіко"
"Коли бачу як туристи їдять вуличний аджарський хачапурі, серце кров‘ю обливається, то ж таке гееее.",16,0,2,,"ю, гееее"
Батьків та улюблену команду не обирають #fcdk #жизньболь,7,0,1,,жизньболь
ЦЯ ЖЕНЩІНА ЩЕ НЕ В ТАКІ ДЄБРІ ЗАВЕДЕ,8,0,2,,"ЖЕНЩІНА, ДЄБРІ"
"Нііііі, я люблю їсти всяку хімічну бяку С:",8,0,1,,Нііііі
Мажем волоссячко олійками спокійно.А через годину оп- вода крижана.,7,0,1,,олійками
"Ааа, як вони так швидко зникли?",6,1,0,Ааа,
"Не витримала котячих ""шалостєй"" і замочила його.",7,0,1,,шалостєй
"-ти в рівному?  -так, якраз про тебе сьогодні думала)  -Поїхали десь кататись? -зараз? хештег люблюдаринку",11,1,1,хештег,люблюдаринку
RT : [блог]: Твіттер - то є любов! v2.0,5,0,1,,Твіттер
"відробиш ретвітами постів з блогу, якшо вони будуть :D",8,0,2,,"ретвітами, якшо"
Є у женщіни традиція - раз на півроку їсти пельменчики.,9,0,2,,"женщіни, пельменчики"
"RT   збери улюблених твіттерян, зачекінтеся всі десь разом та накорміть справжніх цвіркунів (пташок) ;)",12,0,3,,"твіттерян, зачекінтеся, накорміть"
"Ти, ясна річ, можеш мені це розповідати.	0
Написав твіт від фанаря: +100500 лайків.	0
Сємьончєнко хоче завтра відбити рєдут"" назад.",18,0,5,,"твіт, фанаря, лайків, Сємьончєнко, рєдут"
"Спочатку Танці з зірками тепеп Хфактор,камон люди,вирубіть той телик або припиніть твітити про це...",16,1,5,телик,"тепеп, Хфактор, камон, вирубіть, твітити"
У мене в стрічці під якимось з останніх твітів.,9,0,1,,твітів
Щойно антивірус новенькому на моб написав: - У вас проблемы!,9,1,1,проблемы,моб
"А наступного дня був кавйор,  і яблуко :D #ifykwim",7,0,1,,кавйор
"це ж гавнодальдс, та хiма може бути щось приємне?)))",8,0,1,,гавнодальдс
"Так харить фраза ""Усіх грошей на той світ не візьмеш"".",10,0,1,,харить
Втикати втіхаря на роботі на фоточки мордочки - мотивує до плідного робочого дня.,12,0,2,,"втіхаря, фоточки"
Ніхто не хоче поштрикати в мене голкою?,7,0,1,,поштрикати
"У мене в квартирі такий срач, а я сиджу і нию за хлопцем.",13,1,0,срач,
І я також підсміхуюся у вус,6,0,1,,підсміхуюся
І знаєте шо? нафіг таку романтику!,6,1,0,шо,
"У Києві #львівінг - снігу вище коліна, нагрібла повні чоботи.",9,0,2,,"львівінг, нагрібла"
"Дивлюсь ""Как приручить дракона 2"" і розумію, що мультики вже давно роблять не для дітей.",14,1,0,Как,
"Подивилася на верх і така жуючи: ага, ну блін, мені тут вже нра (нє).",14,0,3,,"блін, нра, нє"
"не обіцяю, хоча спеціально на такі випадки завів професійний бложик  //",10,1,0,бложик,
"Горотдьські, харош вітписуватьця!Ви чо?Страх божий потірали?",8,1,4,чо,"Горотдьські, харош, вітписуватьця, потірали"
Я вділа улюблену косуху і мені в Ніцше харааааашооо,9,1,1,косуху,харааааашооо
а я з Литвиновою люблю їх в'ю.,8,0,1,,ю
"Ставь ліжко там, де спить кіт.",6,1,0,Ставь,
Святково тут) (@ Управління СБУ у Львівській обл.) http://4,7,1,0,обл,
"Порадьте якийсь односерійний , але офігенний, пліз",6,0,2,,"офігенний, пліз"
"На сім заявляю, що свій ліміт срачів з приводу ""Оскарів"" вичерпала.",11,0,1,,срачів
"Нє ровєн час, так і до квартир маладьіх, з хорошьім корінням діло дойде.",13,0,5,,"Нє, ровєн, маладьіх, хорошьім, дойде"
"Люблю, коли дев'ятикласники лайкають твіти про секс.",6,0,2,,"лайкають, твіти"
"От жеш кіт гамнистий!Тіки піднімеш сраку зі стільця,як він вже там!",13,0,3,,"жеш, гамнистий, Тіки"
"Типу, пофіг, шо спалили сміття на подвір""ї і зачаділи усе.",11,1,3,шо,"пофіг, подвір, ї"
Жарти про суіцид - це сучасний спосіб виживання.,7,0,1,,суіцид
Найкращою валютою для маняреспублік були б кришечки від Балтики.,9,0,1,,маняреспублік
Ще 2 офігенних мужиків запросило на каву...,6,0,1,,офігенних
"Там чекають мої два жиробасіка, а не вот ета вот всьо",11,3,2,"вот, ета, вот","жиробасіка, всьо"
"Погоджусь про матрац,але діло не лише в зручності.Як на мене,на піддонах це якийсь бомж-стайл чи шо.",16,1,0,шо,
"І хоча тут зовсім інше, але ж блін десь друкується вся політична муть,  всі ці поздоровлення депів і тд",19,1,3,муть,"блін, депів, тд"
Люблю робити всяку дич із своїми селфі.,7,0,2,,"дич, селфі"
блендер чи мультиварка? ось в чому питання,7,1,1,блендер,мультиварка
Шо ж так важко це запам'ятати ?,5,1,0,Шо,
"мій айпед міні, кому уже 3 роки, відмовляється підтримувати курсеру без оновлення ios. скажіть, він помре, якщо я оновлю?",17,0,2,,"айпед, курсеру"
"Їх так дофіга розвелось,що аж бісить)",7,0,1,,дофіга
"Впала в підліткізм, ходжу по вєчєрінках в перебираю мужиками.",9,0,2,,"підліткізм, вєчєрінках"
"Виклади в інсту фотку з купою таблеток і пафосною цитатою, щоб всі бачили, яка ж ти нещасна Лулз",18,1,2,фотку,"інсту, Лулз"
А ще хочу ноги щоб м’язи вилізали і жопку велику.,11,1,1,язи,жопку
В мене фетиш на ноутбучні клави,6,0,2,,"ноутбучні, клави"
"ой снігу, снігу білого насипало сповна ^^ яцелюблю!!! а ви взувайтеся нормально, одягайтеся тепленько і не нийте ;)",16,0,1,,яцелюблю
"Повторюю - інфа про ""трупи"" - деза!",5,0,1,,інфа
"Коли рівень зайобаності словами передати неможливо, в поміч ідуть пісні.",10,0,1,,зайобаності
Він тікав від мене по  білясільському узбіччі траси.,8,0,1,,білясільському
Без намордника випускати за двері ніц неможна.,7,0,1,,ніц
Аж блистять))) Ще й муха не сиділа))) #petanque,7,0,1,,блистять
"Улюблені ласощі дитинства - червонобурячковий домашній сиропчик від кашлю) вирізати, засипати цукор, поставити в телле місце, щоб розтанув",17,0,3,,"червонобурячковий, сиропчик, телле"
"блін, без ком я не вшарила))",6,0,2,,"блін, вшарила"
"Стрічко,я йду читати Костенко і навряд вже зайду) Тому всім гарних снів;D #Люблювас <3 #міцно_обіймаю :3",14,0,1,,Люблювас
"До речі, у 99% власники дякують за конструктивний фідбек і дуже позитивно реагують.",12,0,1,,фідбек
Мої улюблені алітерації — зі звуком ч.,6,1,0,ч,
"мир та спокій було б ок. Але я люблю, коли тебе багато тут)",13,1,0,ок,
"І я) Бо вони зазвичай такі милі, добрі, казкові, а я люблю щось пожостче)",14,0,1,,пожостче
"Люблю маму, за мінєралку на утро після бухача",8,1,2,утро,"мінєралку, бухача"
"Тьоті, якщо вже носите відкрите взуття, спроможіться зробити педікюр!",9,0,1,,педікюр
"Вау!) яка ти гарна!  і сукня, і фігура просто бомба!)",10,1,0,Вау,
"а раніше ти хотіла працювати у бібліотеці. відразу видно, шо дєвачка павзраслєла",12,1,2,шо,"дєвачка, павзраслєла"
"буде дивно, якщо скажу, що вчора я сміялась без перестанку близько 2,5 годин, гуляючи по кладовищу?",15,0,1,,перестанку
ну да. в нас люблять скривджених і змучених,8,1,0,да,
"ПРОТЕ, дивлбсь тіп в такт хитає головою.",7,0,1,,дивлбсь
Найбільшим визнанням своїх статусів у фб вважаю лайк від мого улюбленого викладача.,12,1,1,лайк,фб
"Городцькі, ану зізнавайтеся, шо зара робите посеред робочого дьня?",9,2,2,"шо, зара","Городцькі, дьня"
"Шойт, шовдер, пікниця куплені, яйця пофарбовані  #Пасханаближається",7,0,4,,"Шойт, шовдер, пікниця, Пасханаближається"
"Якшо людині самій на себе пофіг, то як би ти не старалась, нічого не вдієш.",15,0,2,,"Якшо, пофіг"
"я так поняла з фб, що поневіряння репортажу Шабловського про Волинь завершились.",12,1,2,поняла,"фб, Шабловського"
"Цього року на НР, я буду абсолютно і повністю сама.",10,0,1,,НР
"Далі відчуття того, що мене намахують.",6,0,1,,намахують
Барига палить обличчя на фото гарної якості в тві  Я в шоковє,12,0,1,,шоковє
Мене так само оце спочатку трухануло.,6,0,1,,трухануло
А вони пробасять гундявими...,4,0,1,,гундявими
"всього потроху.це писанина не для твітора.це треба опус в блог,а мені впадло і зачєм. але кореляція є,да",17,1,2,да,"впадло, зачєм"
"Інформнапалм на основі робіт Andriy Yermolenko зробили коротке відео, яке точно зіпсує святкову атмосферу ЧС 2018.",13,0,1,,Інформнапалм
"під настрій, одна з улюблених пісень від БГггг) - Егор Летов ЭЛЕКТРИЧЕСКИЙ ПЁС Борис Гребенщиков:  #твіпанк з",16,4,2,"Егор, Летов, ЭЛЕКТРИЧЕСКИЙ, ПЁС","БГггг, твіпанк"
"Антоша і шуточкі,Касік,з найпрекраснішою посмішкою,Мир,що хазяйнує в переповненому Сквоті,команда Крапки з теплими обіймами і друзі поруч",21,0,4,,"Антоша, шуточкі, Касік, Сквоті"
Зараз ми живемо у сучасній легенді про Вавілонську вежу.,9,0,1,,Вавілонську
"Ва ізбєжанія громкіх риданій і пріступав депресії, рєкамєндуєца нє захадіть нєфєстівальщікам в Твиттор в ближайшие 5 днєй.",16,1,11,ближайшие,"Ва, ізбєжанія, громкіх, риданій, пріступав, рєкамєндуєца, нє, захадіть, нєфєстівальщікам, Твиттор, днєй"
"Вона ідеально підходить до концепту мого мікроблогу - ""шо віжу, о том пою"" тві-бешкетник ага :)",13,1,1,шо,віжу
і я вже люблю твоїх дєдушок :),6,0,1,,дєдушок
"Вилізло з якихось глибин підсвідомого, як колишній муж бичив за те, що я постійно зайнята.",15,0,1,,бичив
Талалай сьогодні тіп #хазяюшка  Роблю печену картопельку :з  #омномном,9,0,2,,"хазяюшка, омномном"
"Оригінальна ідея, люблю коли на столику під склом щось цікаве є порозглядати",12,0,1,,порозглядати
"Кум Путіна Медведчук у нас володіє 5% акцій ""Нафтогазвидобування"".",8,0,1,,Нафтогазвидобування
"Люди, які роблять скріни твітів, кидають їх потім комусь іншому аби пообговорювати - на здоров‘я.",15,0,3,,"скріни, твітів, пообговорювати"
На бєбущку Йулю вся надія.,5,0,2,,"бєбущку, Йулю"
вже тиждень не можу змусити себе дописати в бложик пост про Рим. лінива срака,14,1,0,бложик,
"Хріново, коли ти задихаєшся уві сні, а прокинувшись лице горить, люблю алергію, чьо.",13,0,2,,"Хріново, чьо"
І піти вибачитись та цяю папіть.,6,0,2,,"цяю, папіть"
"Та я то знаю) То для підстраховки, бо судячи з моїх приблизних результатів держ.місця в універі мені не бачити)",18,0,2,,"підстраховки, універі"
Анонсували HTC One Nexus experience і в мене зʼявилася невелика сверблячка :),7,0,1,,зʼявилася
"Називала пацана Нікіта, бо мені не подобалось його справжнє ім‘я.",11,0,1,,ім
"Далі – пошукайте про Боярчука яку небуть інфу (це директор цієї шарашки, що робила оналєз) особливо пошукайте біографію.",17,1,3,шарашки,"небуть, інфу, оналєз"
"буду лінк на цей твій твіт тулити до всіх своїх, бо маю тупо таку саму проблему)))",16,0,2,,"лінк, твіт"
"Зайшла до магазину, тільки щоб зашазамити пісню.",7,0,1,,зашазамити
мій улюблений фотограф  #FF Коли будуть ще фотки з івента?)),9,1,1,фотки,івента
"Мені Миколай принесе пєндаль - ібо доросла кобила вже, іди сама на подарунок заробляй.",13,0,2,,"пєндаль, ібо"
"Враховуючи, що ПЕРШИМИ озвучувати розмову Трампа з Вовай кинулись рузняві змі – тра чекати офіційних коментарів WH.",15,0,3,,"Вовай, рузняві, тра"
"Просто сижу під гуртожитком і ридаю, не має сил навіть тупо зайти всередину",13,1,0,сижу,
"Нє, кншн) я ж тебе знаю!",6,0,2,,"Нє, кншн"
Шо ви мені свої довгі твіти в обличчя пхаєте?,9,1,1,Шо,твіти
"#раптово - м’яса мені! стейк би зараз з’їсти, середньої прожарки, з помідорами і келишком червоного грузинського сухого... мням",19,1,1,яса,мням
"Треба заборонити у дев'ятнадцять ставати блогеринями, які вчать інших, як жити.",10,0,1,,блогеринями
Кожен клаптичок землі так дбайливо і з любов*ю оброблений.,10,0,1,,ю
"Бо Колокол задовбав, але з ua-ix з’їжджати поки не хочеться.",10,1,1,Колокол,їжджати
"- Ти лісьонак, який м'явкає і каже що він зайчик?",8,0,1,,лісьонак
"Інколи ловлю себе на думці, що дивлюся деякі відео на ютубі лише заради срачів у коментарях під ними.",18,0,2,,"ютубі, срачів"
"блін. тобто якщо ця буде довша за польську, то треба буде скасовувати польську у консуляті?",15,0,1,,блін
"Той момент, коли мої фотки опублікували в групі про Ригу.",10,1,0,фотки,
"Серед середньовічних покарань одним із найбільш принизливих було побиття дохлим собакою (с)   мабуть, найвнезапніша цитата евер",16,0,2,,"найвнезапніша, евер"
Зараз би убер селект підібрав мені роздовбаний Опель на бляхах,10,0,3,,"убер, селект, Опель"
ой влюбляюся в Бахрому...як колись у Фіолет)),8,0,1,,влюбляюся
"Ніфіга не шарю, але все одно дивлюсь, ага.",8,0,1,,Ніфіга
"Він: витирає козявку з носа об штани, зітхає.",8,1,0,козявку,
"а я все ніяк не наважусь) але казала Стоуну, шо дівки його люблять.",13,1,0,шо,
"Залипаю на ""супермодель по-українськи"" і на пабліки з гарними худими дівчатками, щоб відчути всю свою ущєрбність",15,0,2,,"пабліки, ущєрбність"
"Зара всередині нас рухається кров, стискається і розтискається серце, відбувається безперервна активність мозку...",13,1,0,Зара,
Не для широкої публіки я твітер вела!,7,0,1,,твітер
а це вже цікаво) У мене дурна слава серед птась?),10,0,1,,птась
"ого, оф.пабліки Brutto взяли собі мій відос. приємно) звісно, було б ще приємніше, якби просто авторство не забували)",16,0,1,,відос
"Ахххаахахаха Ні, ні все Ахххаахахаха, т.е. мяу",6,1,2,мяу,"Ахххаахахаха, Ахххаахахаха"
Але я рада за Ілоло)татуха вийшла афігєнна!,8,0,3,,"Ілоло, татуха, афігєнна"
"Спецом для таких - повні варіанти прислів‘я: На обиженных воду возят... для котлов, в которых обидчики кипят.",17,6,1,"обиженных, возят, котлов, которых, обидчики, кипят",прислів
"Четверта заповідь біполярниці:  Не забувай, що бувають швидкі фази.",9,0,1,,біполярниці
А рівень профі - це вже універсітетський підручник?..,7,0,1,,універсітетський
*жизнь уже не будєт прєжнєй нуіділа,6,1,3,жизнь,"будєт, прєжнєй, нуіділа"
А А А АА АА А А А А А А А А А А А А,17,2,0,"АА, АА",
"Мене трохи підхарює невідповідність з книжкою, бо кілька ключових, імхо, моментів було пропущено.",13,0,2,,"підхарює, імхо"
"секс - це розкіш для багатьох людей) Лише на свята, блін.",10,0,1,,блін
Гублюсь між Альфом і Бригадою,5,1,0,Альфом,
"Запросили на відкритий чемпіонат Києва з легкої аилетики серед ... ветеранів О_О Піду, чьо :)",12,0,2,,"аилетики, чьо"
- Ну зашибісь ...Третій кальян за тиждень!,6,0,1,,зашибісь
"Фентезі люблю, Крістен Стюарт не люблю)",6,0,1,,Крістен
"Сиджу на парі, читаю орні твітики і ледве стримую орейро, роблячи вигля, Що сміюсь з жартиків викладачки.",17,0,4,,"твітики, орейро, вигля, жартиків"
Хоч я кавери і не люблю.,6,1,0,кавери,
"Порвав останні шльопанці, благо в Гамериці дороги рівні)))))))",8,0,1,,Гамериці
"я дозволила тобі дати мені фору, такшо не розслабляйся ;) а про коллайдер я говорити можу, але не углубляясь))",18,2,1,"коллайдер, углубляясь",такшо
"Не знаю, чого хорошого можна від мене чекати, я ж та людина, яка вважає, що фоткати залаковану бляху прікольно",19,0,2,,"фоткати, прікольно"
"без гумору сьогодні улюбленець Сергійко, але приготував мені таку красу :)",10,0,1,,Сергійко
"Коли застаєш бабу без ліфчика, то вона не прикриває сіськи, ні: вона бере їх в руки і припіднімає.",18,0,2,,"сіськи, припіднімає"
"Да, бо я вже не молодію і в стриптиз-барі мені блискуча кар'єра не світить",12,1,0,Да,
"У світлі фар танки́ сніжин, як кілобайти твітів в #літвівторок",9,0,2,,"твітів, літвівторок"
"Косів,ніч,а я балдію під лайвовий Скрябін на телефоні.",10,0,1,,лайвовий
скажу чесно: великі тексти в блога оминаю зразу- картинки цікаві зберігаю- відео не дивлюся :),12,1,0,блога,
"Він приблудився і ми думали, що то кішка.",8,0,1,,приблудився
"Вкрали екстра-сардельку із сусіднього столу, познайомились з бабушкамі з Оболоні та Новосибірська #ШоУДвохСтарпьорівУВодолєчєбніце",12,0,2,,"бабушкамі, ШоУДвохСтарпьорівУВодолєчєбніце"
"@#₴&?*! я теж хочу знати, шо в мене з лицем.",9,1,0,шо,
"Смисл в тому, що даже вона не помагає, бо 24/7 в неї не пограєш, я починаю замахуватись.",16,1,0,даже,
ось цікаво а він зі штанин діставав 2 дублікат паспорту?) його співвічизники з top gear так робили,14,0,1,,співвічизники
"пишу статтю, і, блін, нє б про шось хороше, нє, блін, про судьби української демократії",15,0,6,,"блін, нє, шось, нє, блін, судьби"
"Коли Дамблдора приперли до стінки, він зробив те, що йому вдавалося найкраще.",12,0,1,,Дамблдора
"Розчісувала волосся, кинула розчіску вбік, оберетаюсь, а її там нема!",10,0,2,,"розчіску, оберетаюсь"
"- Нормальні люди в суботу сплять.	0
прекрасні ідеї для творчості з підручних матеріалів	0
Ненавиджу, коли з серіалів прибирають улюблених героїв і коли улюблені бариста йдуть з улюблених кав'ярень.	0
Банош тут добрий роблять, дарма повара одна ще.	0
Відверто веселять заклики до блокадників"" включити мізки і прорахувати наслідки.",44,0,2,,"бариста, Банош"
"Я шо, в тві реєструвалась, аби розумні думки писати?",9,1,0,шо,
"Сьогодні мені в банку сказали, щоб отримати вестерн у валюті,потрібно зообити в них страхування якесь.",16,0,1,,зообити
"Засинати, держучи сіську, афігєнно канєшно",5,0,4,,"держучи, сіську, афігєнно, канєшно"
"Все,кохані твіттерські,йдемо спати) Дякую вам за цей чудовий недільний вечір,який ми провели разом) Люблю вас) #Спокійнихснів :3 #цьом ;*",20,0,2,,"твіттерські, Спокійнихснів"
Повеселило “: вони дружать 94 роки і відповідають на питання про сучасну поп культуру. усміхнули:,13,0,1,,усміхнули
"ахаха,ти мій бро) Коли я чекала на перший концерт у мене також квиток був у рамочці) #нєнуашо #люблюОЕ #всенайкращеСлавкові",20,0,5,,"ахаха, бро, нєнуашо, люблюОЕ, всенайкращеСлавкові"
Яблука сливи виноград груші жоржини айстри каштанчики хризантеми павутинки листя листя листя,12,0,1,,каштанчики
"А зачєм, двадцять років клепали фігню, і зараз будем.",9,0,1,,зачєм
"Почуваюся LEGO, яке спочатку дбайливо склали, а потім рознесли нахрін з ноги.",11,0,1,,нахрін
"Хочеться до кінця життя блудити квартирою в полосатій сорочці на голе тіло, а дєлать дєла не хочеться(((",17,0,2,,"дєлать, дєла"
"Тому срочно нужні ідеї: що там нормальні люди, а не такі трудоголіки, як ми, ще роблять на побаченнях?",18,1,0,срочно,
"але ж може початися вчасно,якби люди пунктуальнішими були.Спізнились-ваші проблеми .",9,0,1,,пунктуальнішими
Мені сьогодні снились Ілюша і Вадімчик з моєї колишньої театральної студії.,11,0,2,,"Ілюша, Вадімчик"
"В цей час їх зазвичай презентують як ""феміністських теоретикинь"", а не як тих, хто відкрили новий погляд на методологію.",19,0,1,,теоретикинь
Я собі роблю багато скріншотів і потім переглядаю їх)) і шлю стгнали в Космос.,14,0,2,,"скріншотів, стгнали"
"Але при мені ще двіжували легендарні лічності по типу Слюсаренка і інших, і короче тоді мрак був.",17,2,2,"короче, мрак","двіжували, лічності"
"- Я прєдставіл сєбє Соню паханом духовной зони - нє паханом, а єпіскапам",11,3,4,"паханом, духовной, паханом","прєдставіл, сєбє, нє, єпіскапам"
"Аххаха да, я тож її люблю очінь",7,1,2,да,"Аххаха, очінь"
"Дайте мені дослухати мої улюблені пісні, бо я взірвусь",9,0,1,,взірвусь
а це якийсь особливий ретуал? я щось окрім співання гаудеамуса ніц не принадую надзвичайного))),14,0,3,,"ретуал, ніц, принадую"
"За Лєщєнко підете усі як один, чекаємо:*",7,0,1,,Лєщєнко
"Во ім'я ранку, кави і святого сну.",8,0,1,,ім
"Та блін,завтра останній іспит,а я ще навіть не Снідав",11,0,1,,блін
"як пояснити татові, що в мене видно шкарпетки не того, шо я лох і потороча, а то так треба?",19,1,1,шо,потороча
"Дуже точно про сучасну Росію RT "": Православие, самодержавие, упоротость.""",8,2,1,"Православие, самодержавие",упоротость
"Йдемо собі Берліном, а тут пес катається на скейті.",9,0,1,,скейті
"Сіді дома і жарь шашьлик, Свєта.",6,1,2,жарь,"шашьлик, Свєта"
І не застрахуєшся ж від халтурщиків..,6,0,1,,халтурщиків
"Любіть свої велосипедики, вони ж бо ваші другі половинки у цьому світі пішоходів:ззз",14,0,2,,"велосипедики, ззз"
"Останнім часом часто уявляю себе і своїх коліжанок в такому більш старшому віці, ближче до 40-ка.",15,0,1,,коліжанок
Бо лікарняні роблять в поліклініках і мутки,7,0,1,,мутки
"Завдяки      мої вихідні були чудовими,дякую вам,ви афігєнні:)",9,0,1,,афігєнні
"Найманця з бразилії, який за сєпарів воював.",7,0,1,,сєпарів
блукаю по чужих сторінках час від часу. ну і про ретвіти не забувайте,13,0,1,,ретвіти
"Ггг =D Якщо що,у мене зі слухом і голосом теж не дуже, і співати я дуже полюбляю =))",17,0,1,,Ггг
"ну не знаю, я завжди п'ю чай влітку. і дууууже гарячий люблю)",13,1,2,п,"ю, дууууже"
"маю новий дівайс (читалку) і немаю ні сил, ні часу з ним гратися(( просто люблю подушку.",16,0,2,,"дівайс, немаю"
"Використовується для всього: для елект. підпису, підтвердження платежів і т.д.",9,0,1,,елект
Поліцейський під стінами ростпосольства під час виконання гімну.,8,0,1,,ростпосольства
"Спочатку тімлід пригостила мандаринами, потім колега печивом і прибиральниця яблуком.",10,0,1,,тімлід
"Хоча чим молодші люди, тим усередненішою мовою говорять",8,0,1,,усередненішою
"завтра їхатиму додому від репетитора, куплю піццу, ляжу на ліжко і просто розслаблюсь :з",14,0,1,,піццу
"Чомусь моя підсвідомість для того, щоб повідомляти мені важні жизнєнні премудрощі від сні, вирішила втілюватися в колишнього коханця.",18,0,2,,"жизнєнні, премудрощі"
"О злоє нєбо, звьозди-супостати!.' я мушу встати і маршувати працювати #літвівторок",10,0,3,,"злоє, нєбо, літвівторок"
"Десь блукає по країні, але в напрямку до мене айфончику мій:-)",11,0,1,,айфончику
"реплаї засирають стрічку твоїм читачам, які можуть псіханути і відписатись.",10,0,3,,"реплаї, засирають, псіханути"
@ – бугай парвал у жєнщіньі в бєльіх трусіках плакат!,8,0,4,,"парвал, жєнщіньі, бєльіх, трусіках"
оце воно – істінає обличча британського правосудія! свободу Анжєлє Дєвіс!,9,0,5,,"істінає, обличча, правосудія, Анжєлє, Дєвіс"
Бо я не встигла зробити скріншот.,6,0,1,,скріншот
Під м’ясо господнє кров господня п’ється ніби Біблія вирощувала поколіннями натовп вампірів.,14,1,2,п,"ясо, ється"
Щяслівава & з повними торбами та діджєйкай під боком.,8,0,2,,"Щяслівава, діджєйкай"
практично всі людські проблеми від заздрощів та егоїзму. уменевсе.,9,0,1,,уменевсе
"А я афігєл від того, що Вероніка зі сцени втекла",10,0,1,,афігєл
"бачиш, а кажеш що не знаєш))каблучка-зачьот) можна  подарувати нижню білизну - це так романтік ;)",13,0,1,,романтік
"Те що Порох отримав підтримку Заходу, а рашка отримала санкції?",10,0,1,,рашка
"Цей твіт буде довершеним, коли вони додадуть туди ""тьолочок"" ящетаю.",10,0,3,,"твіт, тьолочок, ящетаю"
"RT, якщо “Одинокий мужичок за 50” улюблена пісня твого тестя",8,1,0,мужичок,
"Я не у Ларнаці, поїхала одразу Лімасол.",7,0,2,,"Ларнаці, Лімасол"
"Чим ближче форум, тим більше хочеться купити на ньому лише абабівського Гаррі Поттера і не зайобуватись.",16,0,2,,"абабівського, зайобуватись"
Твітер - це і є блог,5,0,1,,Твітер
"Бо в нас у ТЦ такі набори стоять з поміткою ""НАЙКРАЩИЙ ПОДАРУНОК"".",12,0,1,,ТЦ
"Їм це картинка, багато лайків, які напевно є їх KPI-ями",9,0,1,,лайків
"Одним словом, поки я йому розсилаю вітання в соц мережах він вже бавиться новою іграшкою.",15,0,1,,соц
"Піймала себе на думці, шо я - командний гравець.",8,1,0,шо,
P.S. За чЬто ані нас нінавідят?,5,0,2,,"чЬто, нінавідят"
Чого всі так люблять верещати в трамвайчиках?,7,1,0,трамвайчиках,
"Єдина ваніль, яку я люблю, - та, шо в каві.",9,1,0,шо,
"Подруга жаліється на те, що в неї великі сіськи :(",9,0,1,,сіськи
"Думаю, шо у тирнетиках можна буде понаблюдать",7,2,1,"шо, понаблюдать",тирнетиках
так само Кропивницької області ше нема:(,6,0,1,,ше
Погортала пдфки цьогорічних букварів - той же страх і ужас.,9,1,1,ужас,пдфки
"Помічаю, що стаю потрохи грьобаним перфекціоністом",6,0,1,,грьобаним
"Мене зараз прориває на поговорити Знаєте, шо я найбільше хочу?",10,1,0,шо,
"Пиво світле, фільтроване із доволі типовим смаком як для Лагеру.",10,1,0,Лагеру,
"Подруга про племінника: - Я не хочу, щоб він виріс недолюбленим.",10,0,1,,недолюбленим
"Тим часом у фейсбуці бачу, що мій знайомий турок комуніст полетів на канікули із Цюріха в Гавану.",17,0,1,,Цюріха
"Зачєм мені дофіга цих друзєй і знакомих, якщо нема з ким на Звери сходити?!",14,1,4,Звери,"Зачєм, дофіга, друзєй, знакомих"
"то шо, нового сезону відеблогу Коваля вже не буде",9,1,1,шо,відеблогу
Вона: а чим же ти займаєшся в інернеті до пізньої ночі?,11,0,1,,інернеті
"А потім був ніякий, навіть обісцявся.",6,0,1,,обісцявся
"Але чому, чому вони взуті в стриптизерські (!!!) босоніжки?",8,0,1,,стриптизерські
"На крок пабліже к смєрті, мої конгратулейшини.",7,1,3,к,"пабліже, смєрті, конгратулейшини"
"У моєї бабусі також були проблеми з тиском, якщо гіпертонічний кріз то без швидкої ніяк",15,0,1,,кріз
"І вам ніпавєзло, щяс будєт набор слоф",7,1,4,набор,"ніпавєзло, щяс, будєт, слоф"
"цю жінку я люблю,вона просила цю жінку я люблю,вона просила цю жінку я люблю вона просилллла!   с.ж.",18,0,1,,просилллла
Тут просто нада шото влєпіть от сєбя.,7,0,4,,"нада, шото, влєпіть, сєбя"
сьогодні на арсеналі двіж. між офігенними штуками ще одна офігенна штука.,11,0,3,,"двіж, офігенними, офігенна"
"навєрно откажусь, я шось рибу не дуже, а з глазами і так проблєми",13,2,3,"откажусь, глазами","навєрно, шось, проблєми"
"На мене довго дихали в шию перегаром і заплітаючимся язиком намагались вимовити ""мадемуазель""",13,1,1,мадемуазель,заплітаючимся
"Так класно, коли люди, яким не хочеться щось робити, змушують тебе почуватись фігово, бо ти робиш.",16,0,1,,фігово
"Правда, мінус в тому, що мене не зможуть ретвітити.",9,0,1,,ретвітити
"Але я блін рада, шо мені от підкинула гімна на лопаті, а я не стала ото мовчки ковтати.",18,1,2,шо,"блін, гімна"
"Аааа, ще вітаю всіх школярів з дзвінком, особливо випускників :3 Чемні будьте :)",11,0,1,,Аааа
Для України зараз так рілейтебл ну просто всефейсбучний срач,9,1,2,срач,"рілейтебл, всефейсбучний"
Ловіть фоточку з Ліону в день фіналу ліги Європи.,9,0,1,,фоточку
"Діма розуміє, шо проєбланив По обличчю видно #хфактор",8,1,2,шо,"проєбланив, хфактор"
"Слухати музику в торгових центрах шкідливо для здоров'я:  ""Я одену тебя, чтобы раздеть, Я раздену тебя, чтобы одеть.""",19,8,0,"одену, тебя, чтобы, раздеть, раздену, тебя, чтобы, одеть",
Це була найбезглуздіша фіча Фолаута 4),5,0,2,,"фіча, Фолаута"
"трохи поплохєло на затяжних підйомах після вчорашнього #ядонор , але все гут #невсеремося :)",12,0,3,,"поплохєло, ядонор, невсеремося"
"110-ий пост блога і 30-ий БЛОГО-КНИГИ ""Довгі коси ✑30✑""",5,1,0,блога,
#жахи RT  Навіжений реферувальник досліджень корпоративного права - шукайте у бібліотеках міста...,10,0,1,,реферувальник
"Пан  підняв тему, котра особисто мені пече вже бо зна скілько часу.",12,0,1,,зна
кароч як електрична зубна щітка тік для морди ліца,9,0,2,,"кароч, ліца"
рігліс пірмінт дабл мінт і джусі фрут?,7,0,5,,"рігліс, пірмінт, дабл, мінт, фрут"
почав писати про геконів: „У них мімімішні очі.,8,0,1,,мімімішні
"імхо, звуж ""j"" - шось середнє між нашим й і м'яким дж. Не зовсім коректно його твердо по-українськи джикати",15,0,4,,"імхо, звуж, шось, джикати"
Шоб потім на старості був час подвіжувати без дітей.,9,1,1,Шоб,подвіжувати
"а звідки я знаю, шо ти бігаєш?",7,1,0,шо,
"блін, походу мені плюсик кармічний зарахувався, коли інет підключали)",9,0,2,,"блін, інет"
"боюся що буде постити фігню типу: ""відвідав свиноферму в селі Сраколюбки, привітав доярку Параску Іванчук з рекордним надоєм"" :\",18,0,1,,Сраколюбки
"Я за звичайний светр, на 3-4 розміри більший, з голими сіськами під низом вобше.",13,0,2,,"сіськами, вобше"
"А ти свою тоді Мені ж тре' страховку, якшо шо",10,1,1,шо,якшо
Рекомендациі люччіх сабакаводов :)RT :  просто тебе легко набрати по памяті і навіть з мобла.,13,0,5,,"Рекомендациі, люччіх, сабакаводов, памяті, мобла"
Танці то пахата пахати і пахати,6,0,1,,пахата
"Сиджу цілий день у космічному кораблі ОфісГрамарлі, мерзну й почуваюся через це дуже по-дурному.",13,0,1,,ОфісГрамарлі
Я із Західної України ілі как???,6,1,0,как,
"Окей, сайт підкинув рекламу, де до мене доїбалися з питанням ""Ты употребляешь наркотики?"".",13,2,1,"Ты, употребляешь",доїбалися
"Про сексистські жарти повний тупізм, жартувати можна про все.",9,0,2,,"сексистські, тупізм"
А Мілі шо?а Мілу навіть не годують((,8,1,0,шо,
"коли мені зроблять пропозицію, я буду, як голум.",8,0,1,,голум
"Новачки твіттеру іскряться любов'ю, доброю та смайлами.",8,0,2,,"твіттеру, ю"
"На підборідді волосся грубе, ніфіга хорошого не вийде",8,0,1,,ніфіга
"Можна вдома лишитись, а не дороблювати дз :(",7,0,1,,дз
"Я знала, що мене Мурашова і на цьому світі дістане...",10,0,1,,Мурашова
"В тролейбусі бабця помацала юнака, шо сидів поруч, за коліна й пішла собі.",13,1,0,шо,
"І Майдан переміг дякуючи Сєрожі, ви що не знали?",9,0,1,,Сєрожі
"Тут дофіга хороших людей, чекаємо на Івана",7,0,1,,дофіга
"Дайте мені театральне шось, будь ласка, я те дуже люблю",10,0,1,,шось
"Або порийся в моїх фотках тут і знайди, або завтра кину, а то вже спати йду.",16,1,0,фотках,
"амінь.я ж не дарма всрала спершу всі свої заощадження на візу, а потім на бус до Берліна))",16,0,1,,всрала
Ви мені от що скажіть:  вже отримали фінансування від Юль Валадьімьіравньі Тімашонки?,12,1,2,Юль,"Валадьімьіравньі, Тімашонки"
"Яка б хєрня не коїлась у тебе на роботі,вдома ти маєш бути спокійним.",14,0,1,,хєрня
"Так класно день пройшов і загалом все чудовр, але довбаний телефон підіпсув настрій",13,0,2,,"чудовр, підіпсув"
Маю тепер улюблену польську авторку: Александра Пезда.,7,0,1,,Пезда
"Шукала блокнотик, щоб запруфпікати Оські свій карявий почерк, а знайшла картку поповнення рахунку на 100грн!",14,0,3,,"запруфпікати, Оські, карявий"
"а ще є я, мені пофіг :D",6,0,1,,пофіг
"Усе крім того сраного будинку, який збудували мені під вікнами, і тепер я нічого не бачу",16,1,0,сраного,
Блакитний відтінок то не баг а фіча :),7,1,1,баг,фіча
"Якби не дудли, багато людей і не знали б, хто така,скажімо, та ж Ада Лавлейс.",16,0,2,,"дудли, Лавлейс"
"Бугага, твіттер тролить мікроблоггєра :)))",4,0,4,,"Бугага, твіттер, тролить, мікроблоггєра"
"Перші хочуть, шоб ти відмахався, а другим пофіг навіть на то.",11,1,1,шоб,пофіг
Я так втомлююсь. що факаплю найпростіші людські взаємодії.,8,0,1,,факаплю
"ну ей, ти ж мила, і це був комплімент :с Шо я зроблю, якщо не вмію робити компліменти?",18,1,0,Шо,
"Коли він починає читати тобі вірш ""Письмо к Лиличке"" Маяковського,а ти продовжуєш фразу за фразою,то мільйон імпульсів вибухають всередині",21,1,1,к,Лиличке
вишньовий кампот і яблучний узвар. а мені Шерідансик,8,0,3,,"вишньовий, кампот, Шерідансик"
"Його люди б'ють доблєсну міліцію і беркут, поливають їх коктейлями",9,0,1,,доблєсну
"Довелося їм пояснювати, чому в СРСР для нас ""было плохо"".",10,2,0,"было, плохо",
"Золота медаль - це ота бляшанка, з якої навіть цепуру не сплавиш.",11,0,1,,цепуру
А Михасик тепер повнолітній?)) Це Михасику тепер багато всього можна?,10,0,2,,"Михасик, Михасику"
-В мене дві фотки вже в паспорті оце старість.,8,1,0,фотки,
"Кажуть вже тричі їх викликали, відтягували, а він все рівно ляга",11,0,1,,ляга
-Ну зато в тебе на ліжку завжди буде частічька Діми)9)0) #з_розмов,9,1,1,зато,частічька
"Хочу фотосет в своїй сірій футболці, що більша на декілька розмірів та чорних гетрах.",14,0,1,,фотосет
"На наступний день: «дн лише завтра, а подаруночки приходять вже».",10,0,1,,дн
"Хоча мені тут пєйсали, що ""вьі просто ніпанімаіті сарказма & йумара""",10,1,4,сарказма,"пєйсали, вьі, ніпанімаіті, йумара"
зато креслюнки в мене круті. . .ще би!,6,1,1,зато,креслюнки
"бафало як раз ціним, водка говно, пиво норм.",8,2,1,"водка, говно",бафало
"Наступним президентом має стати таксист, що катає корча на ойробляхах.",10,0,1,,ойробляхах
найближчі 10 днів дуже чекаю новин із-за океану ^^ в очікуванні бейбіка,9,0,1,,бейбіка
Я втратив відчуття весняної свіжості гг після 57 км на педалях.,10,1,0,гг,
Накупляли з Л всього пахучого і букет півоній.,8,1,1,Л,Накупляли
"Павлуцький,я розумію,що ти мій бро,але одягни труси !!",10,0,2,,"Павлуцький, бро"
#цей_момент коли твій улюблений письменник підтверджує твій запит в друзі на ФБ,11,0,1,,ФБ
"Поряд стоїть білий електросамокат, на якому він приїхав.",8,0,1,,електросамокат
"Купили шорти й футболку Ані, блюзку мені, відклали туфлі для Ані.",11,0,1,,блюзку
"Якби не #твітер я б забула, зо мені теж тре...",10,0,1,,твітер
Я буду міністром факапів Твіттеру.,5,0,2,,"факапів, Твіттеру"
"В середині тижня було морозно, але вже вчора йшов містом о 23.00 - не було вітру і,здавалось, близко 0*",17,1,0,близко,
Покличте хоч раз десь в 7 чишо,6,0,1,,чишо
